claim_id,claim,source_url,source_title,publisher_or_author,source_type,publication_date,event_or_data_date,retrieved_at,access_level,locator,evidence_summary,relationship_to_claim,limitations,claim_status,conclusion_or_follow_up
F1,Reporter suspects an undefined --text-code variable.,https://github.com/refact0r/midnight-discord/issues/452,Code block text has insufficient contrast in light themes when Discord is set to a dark theme,Original issue or discussion participants,firsthand report,2026-06-26,2026-06-26,2026-09-24,original text inspected,"Original body and relevant replies, see source matrix",Reporter suspects an undefined --text-code variable.,"Establishes what participants reported, not local behavior",Issue open when inspected. Proposed cause is not a verified diagnosis here. Screenshot not analyzed.,"reported, not reproduced","Check inline, fenced, syntax and selected code under matching and opposite base modes."
F2,Reporter cannot read server search results. A screenshot was subsequently attached.,https://github.com/refact0r/midnight-discord/issues/446,Search Bar results are barely visible,Original issue or discussion participants,firsthand report,2026-06-03,2026-06-03,2026-09-24,original text inspected,"Original body and relevant replies, see source matrix",Reporter cannot read server search results. A screenshot was subsequently attached.,"Establishes what participants reported, not local behavior","Issue open when inspected. Main text and comments read, screenshot not analyzed.","reported, not reproduced","Inspect search-result foreground, snippet and highlight composition."
F3,Reporter compares one theme in Equibop and Vesktop and sees very saturated Equibop toggles.,https://github.com/Equicord/Equicord/issues/906,Bug - Broken CSS for toggles,Original issue or discussion participants,firsthand report,2026-03-12,2026-03-12,2026-09-24,original text inspected,"Original body and relevant replies, see source matrix",Reporter compares one theme in Equibop and Vesktop and sees very saturated Equibop toggles.,"Establishes what participants reported, not local behavior",Closed not planned. Maintainer attributes issue to theme. Local reproducibility unknown.,"reported, not reproduced","Check Equibop settings switches directly, including disabled, focus, on and off."
F4,One reply favors tab differentiation within a dark theme.,https://www.reddit.com/r/chrome/comments/17vx02u/some_new_black_oled_theme_for_chrome/,Some new BLACK OLED theme for Chrome?,Original issue or discussion participants,firsthand report,2023-11-15; relevant reply 2024-01-13,2023-11-15; relevant reply 2024-01-13,2026-09-24,original text inspected,"Original body and relevant replies, see source matrix",One reply favors tab differentiation within a dark theme.,"Establishes what participants reported, not local behavior",Older Chrome context. Suggested alternative store listing now resolves empty. No installation or current compatibility established.,"reported, not reproduced",Inspect active and inactive native tabs plus unfocused windows.
F5,Users report a white address bar after Chrome 81.,https://www.reddit.com/r/chrome/comments/fy382r/just_black_theme_update/,Just Black Theme Update,Original issue or discussion participants,firsthand report,2020-04-09,2020-04-09,2026-09-24,original text inspected,"Original body and relevant replies, see source matrix",Users report a white address bar after Chrome 81.,"Establishes what participants reported, not local behavior","Historical breakage report, not current Chrome regression. No removal-rate evidence.","reported, not reproduced","Check current omnibox and suggestion surfaces after install, switch and rollback."
F6,Original author criticizes insufficient distinction among light panels. Replies disagree over restoring a dark sidebar.,https://www.reddit.com/r/discordapp/comments/d49mru/discord_if_youre_going_to_have_a_light_theme_you/,Light-theme structure discussion,Original issue or discussion participants,firsthand report,2019-09,2019-09,2026-09-24,original text inspected,"Original body and relevant replies, see source matrix",Original author criticizes insufficient distinction among light panels. Replies disagree over restoring a dark sidebar.,"Establishes what participants reported, not local behavior",Historical discussion. Quoted reports in the original post are not counted as new independent observations.,"reported, not reproduced",Check panel hierarchy independently from text contrast.
F7,Original author prefers the newer light theme for consistency and readable type. Responses describe opposite experiences.,https://www.reddit.com/r/discordapp/comments/d24oyb/why_do_people_hate_this_new_light_theme/,Why do people hate this new Light theme?,Original issue or discussion participants,firsthand report,2019-09,2019-09,2026-09-24,original text inspected,"Original body and relevant replies, see source matrix",Original author prefers the newer light theme for consistency and readable type. Responses describe opposite experiences.,"Establishes what participants reported, not local behavior","Subjective disagreement, not clinical evidence or present-day Discord test.","reported, not reproduced",Give genuine light styling equal testing and preserve user choice.
F8,Dark-room author reports a zero Windows HDR brightness slider. Others prefer higher values.,https://www.reddit.com/r/OLED_Gaming/comments/1qmezrz/what_brightness_do_you_use/,What brightness do you use?,Original issue or discussion participants,firsthand report,2026-01-25,2026-01-25,2026-09-24,original text inspected,"Original body and relevant replies, see source matrix",Dark-room author reports a zero Windows HDR brightness slider. Others prefer higher values.,"Establishes what participants reported, not local behavior",Different displays and conditions. No instrumented calibration or burn-in evidence.,"reported, not reproduced",Preserve the requested baseline and separate human viewing feedback.
F9,"Aorus FO32U2 owner reports disappointing text at 125% scaling. Replies differ, including users of other models.",https://www.reddit.com/r/OLED_Gaming/comments/1hgnnno/32_inch_4k_oled_text_is_not_crisp/,32 inch 4K OLED text is not crisp,Original issue or discussion participants,firsthand report,2024-12,2024-12,2026-09-24,original text inspected,"Original body and relevant replies, see source matrix","Aorus FO32U2 owner reports disappointing text at 125% scaling. Replies differ, including users of other models.","Establishes what participants reported, not local behavior",No PG32UCDMR inference or automatic ClearType/scaling changes are justified.,"reported, not reproduced",Record real scaling and rendered faces. Keep physical text inspection separate.
F10,GNOME user describes Adwaita Sans/Inter as clear but bland.,https://www.reddit.com/r/gnome/comments/1kewe64/any_suggestions_for_the_perfect_ui_font_i_hate/,Any suggestions for the perfect UI font?,Original issue or discussion participants,firsthand report,2025-05,2025-05,2026-09-24,original text inspected,"Original body and relevant replies, see source matrix",GNOME user describes Adwaita Sans/Inter as clear but bland.,"Establishes what participants reported, not local behavior","Subjective Linux UI report, not a Windows font benchmark.","reported, not reproduced",Use Inter as requested and verify faces rather than claiming universal preference.
